accident,call,help,man,murder,woman,danger,police,follow,child,sick
D:\FYP_HWU\Videos\accident\00623.mp4,D:\FYP_HWU\Videos\call\08689.mp4,D:\FYP_HWU\Videos\help\27206.mp4,D:\FYP_HWU\Videos\man\34732.mp4,D:\FYP_HWU\Videos\murder\31649.mp4,D:\FYP_HWU\Videos\woman\63664.mp4,D:\FYP_HWU\Videos\danger\14645.mp4,D:\FYP_HWU\Videos\police\13244.mp4,D:\FYP_HWU\Videos\follow\22715.mp4,D:\FYP_HWU\Videos\child\10443.mp4,D:\FYP_HWU\Videos\sick\51501.mp4
D:\FYP_HWU\Videos\accident\00624.mp4,D:\FYP_HWU\Videos\call\08690.mp4,D:\FYP_HWU\Videos\help\27207.mp4,D:\FYP_HWU\Videos\man\34733.mp4,D:\FYP_HWU\Videos\murder\31650.mp4,D:\FYP_HWU\Videos\woman\63665.mp4,D:\FYP_HWU\Videos\danger\14646.mp4,D:\FYP_HWU\Videos\police\13245.mp4,D:\FYP_HWU\Videos\follow\22716.mp4,D:\FYP_HWU\Videos\child\10444.mp4,D:\FYP_HWU\Videos\sick\51502.mp4
D:\FYP_HWU\Videos\accident\00625.mp4,D:\FYP_HWU\Videos\call\08691.mp4,D:\FYP_HWU\Videos\help\27208.mp4,D:\FYP_HWU\Videos\man\34734.mp4,D:\FYP_HWU\Videos\murder\31651.mp4,D:\FYP_HWU\Videos\woman\63666.mp4,D:\FYP_HWU\Videos\danger\14647.mp4,D:\FYP_HWU\Videos\police\13246.mp4,D:\FYP_HWU\Videos\follow\22717.mp4,D:\FYP_HWU\Videos\child\10445.mp4,D:\FYP_HWU\Videos\sick\51503.mp4
D:\FYP_HWU\Videos\accident\00626.mp4,D:\FYP_HWU\Videos\call\08692.mp4,D:\FYP_HWU\Videos\help\27209.mp4,D:\FYP_HWU\Videos\man\34736.mp4,D:\FYP_HWU\Videos\murder\31652.mp4,D:\FYP_HWU\Videos\woman\63667.mp4,D:\FYP_HWU\Videos\danger\14648.mp4,D:\FYP_HWU\Videos\police\13247.mp4,D:\FYP_HWU\Videos\follow\22718.mp4,D:\FYP_HWU\Videos\child\10446.mp4,D:\FYP_HWU\Videos\sick\51504.mp4
D:\FYP_HWU\Videos\accident\00627.mp4,D:\FYP_HWU\Videos\call\08694.mp4,D:\FYP_HWU\Videos\help\27213.mp4,D:\FYP_HWU\Videos\man\34737.mp4,D:\FYP_HWU\Videos\murder\31654.mp4,D:\FYP_HWU\Videos\woman\63668.mp4,D:\FYP_HWU\Videos\danger\14650.mp4,D:\FYP_HWU\Videos\police\13249.mp4,D:\FYP_HWU\Videos\follow\22720.mp4,D:\FYP_HWU\Videos\child\10447.mp4,D:\FYP_HWU\Videos\sick\51505.mp4
D:\FYP_HWU\Videos\accident\00628.mp4,D:\FYP_HWU\Videos\call\08701.mp4,D:\FYP_HWU\Videos\help\27214.mp4,D:\FYP_HWU\Videos\man\34738.mp4,D:\FYP_HWU\Videos\murder\31655.mp4,D:\FYP_HWU\Videos\woman\63669.mp4,D:\FYP_HWU\Videos\danger\14652.mp4,D:\FYP_HWU\Videos\police\13250.mp4,D:\FYP_HWU\Videos\follow\22721.mp4,D:\FYP_HWU\Videos\child\10449.mp4,D:\FYP_HWU\Videos\sick\51506.mp4
D:\FYP_HWU\Videos\accident\00629.mp4,D:\FYP_HWU\Videos\call\08702.mp4,D:\FYP_HWU\Videos\help\27215.mp4,D:\FYP_HWU\Videos\man\34742.mp4,D:\FYP_HWU\Videos\murder\31660.mp4,D:\FYP_HWU\Videos\woman\63672.mp4,D:\FYP_HWU\Videos\danger\14653.mp4,D:\FYP_HWU\Videos\police\13253.mp4,D:\FYP_HWU\Videos\follow\22723.mp4,D:\FYP_HWU\Videos\child\10450.mp4,D:\FYP_HWU\Videos\sick\51507.mp4
D:\FYP_HWU\Videos\accident\00631.mp4,D:\FYP_HWU\Videos\call\08706.mp4,D:\FYP_HWU\Videos\help\27216.mp4,D:\FYP_HWU\Videos\man\34746.mp4,D:\FYP_HWU\Videos\murder\37305.mp4,D:\FYP_HWU\Videos\woman\63673.mp4,D:\FYP_HWU\Videos\danger\14656.mp4,D:\FYP_HWU\Videos\police\43522.mp4,D:\FYP_HWU\Videos\follow\65751.mp4,D:\FYP_HWU\Videos\child\10453.mp4,D:\FYP_HWU\Videos\sick\51517.mp4
D:\FYP_HWU\Videos\accident\00632.mp4,D:\FYP_HWU\Videos\call\08707.mp4,D:\FYP_HWU\Videos\help\27217.mp4,D:\FYP_HWU\Videos\man\66097.mp4,D:\FYP_HWU\Videos\murder\37306.mp4,D:\FYP_HWU\Videos\woman\63679.mp4,D:\FYP_HWU\Videos\danger\14657.mp4,D:\FYP_HWU\Videos\police\43537.mp4,D:\FYP_HWU\Videos\follow\65752.mp4,D:\FYP_HWU\Videos\child\65351.mp4,D:\FYP_HWU\Videos\sick\66475.mp4
D:\FYP_HWU\Videos\accident\00633.mp4,D:\FYP_HWU\Videos\call\08713.mp4,D:\FYP_HWU\Videos\help\27221.mp4,D:\FYP_HWU\Videos\man\66098.mp4,D:\FYP_HWU\Videos\murder\37307.mp4,D:\FYP_HWU\Videos\woman\66798.mp4,D:\FYP_HWU\Videos\danger\65437.mp4,D:\FYP_HWU\Videos\police\66306.mp4,,,D:\FYP_HWU\Videos\sick\69470.mp4
D:\FYP_HWU\Videos\accident\00634.mp4,D:\FYP_HWU\Videos\call\65290.mp4,D:\FYP_HWU\Videos\help\65889.mp4,D:\FYP_HWU\Videos\man\66099.mp4,D:\FYP_HWU\Videos\murder\37308.mp4,D:\FYP_HWU\Videos\woman\66799.mp4,D:\FYP_HWU\Videos\danger\65438.mp4,,,,
D:\FYP_HWU\Videos\accident\00639.mp4,D:\FYP_HWU\Videos\call\65556.mp4,D:\FYP_HWU\Videos\help\65890.mp4,D:\FYP_HWU\Videos\man\69395.mp4,D:\FYP_HWU\Videos\murder\37310.mp4,,,,,,
D:\FYP_HWU\Videos\accident\65009.mp4,,D:\FYP_HWU\Videos\help\65891.mp4,,D:\FYP_HWU\Videos\murder\65992.mp4,,,,,,
,,D:\FYP_HWU\Videos\help\69364.mp4,,,,,,,,
